{
  "n_eval": 694,
  "target_total_clean": 6935,
  "coverage_ratio": 0.10007209805335256,
  "accuracy": 0.6109510086455331,
  "precision": 0.8083700440528634,
  "recall": 0.6672727272727272,
  "f1": 0.7310756972111553,
  "TP": 367,
  "TN": 57,
  "FP": 87,
  "FN": 183
}