{
  "n": 6935.0,
  "parse_success_rate": 0.06445565969718818,
  "n_eval": 447.0,
  "risk_accuracy": 0.6129753914988815,
  "risk_precision": 0.7973421926910299,
  "risk_recall": 0.6818181818181818,
  "risk_f1": 0.7350689127105666,
  "false_negative_rate": 0.3181818181818182,
  "false_positive_rate": 0.6421052631578947,
  "tp": 240.0,
  "tn": 34.0,
  "fp": 61.0,
  "fn": 112.0
}